,weight,rfc,rfr,gbc,gbr
0,0.0,0.0,0.0,0.0,0.148437219349
1,0.0,0.0,0.0,0.0,0.184377043508
2,0.0,0.0,0.0,0.0,0.0781379164135
3,0.0,0.0,0.0,0.0,0.460375089154
4,0.0,0.0,0.0,0.0,0.540980091568
5,0.0,0.0,0.0,0.0,0.376713884817
6,0.0,0.0,0.0,0.0,0.00510335900792
7,0.0,0.0,0.0,0.0,-0.12696519431
8,0.0,0.0,0.0,0.0,-0.224723230276
9,0.0,0.0,0.0,0.0,-0.246186145448
10,0.0,0.0,0.0,0.0,-0.328618753866
11,0.0,0.0,0.0,0.0,-0.295249281686
12,0.0,0.0,0.0,0.0,-0.204435765652
13,0.0,0.0,0.0,0.0,-0.144260009929
14,0.0,0.0,0.0,0.0,-0.166660739105
15,0.0,0.0,0.0,0.0,-0.0883165711939
16,0.0,0.0,0.0,0.0,-0.1032891548
17,0.0,0.0,0.0,0.0,-0.125876544312
18,0.0,0.0,0.0,0.0,-0.125876544312
19,0.0,0.0,0.0,0.0,-0.242308559452
20,0.0,0.0,0.0,0.0,-0.144909794236
21,0.0,0.0,0.0,0.0,0.128719572699
22,0.0,0.0,0.0,0.0,0.299943886096
23,0.0,0.0,0.0,0.0,0.603975822031
24,0.0,0.0,0.0,0.0,0.455573632949
25,0.0,0.0,0.0,0.0,0.992061433783
26,0.0,0.0,0.0,0.0,1.21794452132
27,0.0,0.0,0.0,0.0,0.758667095776
28,0.0,0.0,0.0,0.0,0.516542703947
29,0.0,0.0,0.0,0.0,0.0205918426154
30,0.0,0.0,0.0,0.0,-0.0337520390148
31,0.0,0.0,0.0,0.0,-0.0824445778613
32,0.0,0.0,0.0,0.0,-0.0337520390148
33,0.0,0.0,0.0,0.0,-0.0262520390148
34,0.0,0.0,0.0,0.0,-0.0262520390148
35,0.0,0.0,0.0,0.0,-0.0749445778613
36,0.0,0.0,0.0,0.0,-0.0129441449986
37,0.0,0.0,0.0,0.0,-0.0262520390148
38,0.0,0.0,0.0,0.0,-0.00544414499862
39,0.0,0.0,0.0,0.0,-0.0262520390148
40,0.0,0.0,0.0,0.0,0.0703037458908
41,0.0,0.0,0.0,0.0,-0.0159650726507
42,0.0,0.0,0.0,0.0,-0.305979062475
43,0.0,0.0,0.0,0.0,-0.27583512037
44,0.0,0.0,0.0,0.0,-0.234926717993
45,0.0,0.0,0.0,0.0,0.303009938276
46,0.0,0.0,0.0,0.0,0.613230536133
47,0.0,0.0,0.0,0.0,0.71103288163
48,0.0,0.0,0.0,0.0,0.525276616205
49,0.0,0.0,0.0,0.0,1.21938992769
50,0.0,0.0,0.0,0.0,0.607127644908
51,0.0,0.0,0.0,0.0,0.953796890244
52,0.0,0.0,0.0,0.0,1.00516035359
53,0.0,0.0,0.0,0.0,0.705154163159
54,0.0,0.0,0.0,0.0,0.872713599616
55,0.0,0.0,0.0,0.0,0.550942899648
56,0.0,0.0,0.0,0.0,0.631202612345
57,0.0,0.0,0.0,0.0,0.871089516231
58,0.0,0.0,0.0,0.0,1.22055309281
59,0.0,0.0,0.0,0.0,0.91406538263
60,0.0,0.0,0.0,0.0,0.738333983845
61,0.0,0.0,0.0,0.0,0.299057970555
62,0.0,0.0,0.0,0.0,1.06670217932
63,0.0,0.0,0.0,0.0,1.94168115991
64,0.0,0.0,0.0,0.0,1.36557431889
65,0.0,0.0,0.0,0.0,0.603658001794
66,0.0,0.0,0.0,0.0,0.419125156931
67,0.0,0.0,0.0,0.0,-0.200171859889
68,0.0,0.0,0.0,0.0,0.209302130951
69,0.0,0.0,0.0,0.0,-0.0666110179062
70,0.0,0.0,0.0,0.0,-0.239565625663
71,0.0,0.0,0.0,0.0,-0.357803220732
72,0.0,0.0,0.0,0.0,-0.282060093964
73,0.0,0.0,0.0,0.0,-0.541932196318
74,0.0,0.0,0.0,0.0,0.588732977848
75,0.0,0.0,0.0,0.0,0.804870918485
76,0.0,0.0,0.0,0.0,0.321914111246
77,0.0,0.0,0.0,0.0,0.14002891592
78,0.0,0.0,0.0,0.0,0.114355459956
79,0.0,0.0,0.0,0.0,-0.0800579853352
80,0.0,0.0,0.0,0.0,0.143054253934
81,0.0,0.0,0.0,0.0,0.257525577807
82,0.0,0.0,0.0,0.0,0.228959529845
83,0.0,0.0,0.0,0.0,0.331536390854
84,0.0,0.0,0.0,0.0,0.427024553837
85,0.0,0.0,0.0,0.0,0.283725943279
86,0.0,0.0,0.0,0.0,0.50603945135
87,0.0,0.0,0.0,0.0,0.186524971484
88,0.0,0.0,0.0,0.0,1.13935733923
89,0.0,0.0,0.0,0.0,1.22056127942
90,0.0,0.0,0.0,0.0,1.17011757581
91,0.0,0.0,0.0,0.0,1.22679948466
92,0.0,0.0,0.0,0.0,1.39237549871
93,0.0,0.0,0.0,0.0,1.07691887072
94,0.0,0.0,0.0,0.0,1.25294864986
95,0.0,0.0,0.0,0.0,0.00435041119155
96,0.0,0.0,0.0,0.0,0.564652952453
97,0.0,0.0,0.0,0.0,0.674966397263
98,0.0,0.0,0.0,0.0,0.596076806983
99,0.0,0.0,0.0,0.0,0.109449927422
100,0.0,0.0,0.0,0.0,0.346320839331
101,0.0,0.0,0.0,0.0,0.32099964885
102,0.0,0.0,0.0,0.0,0.349447690394
103,0.0,0.0,0.0,0.0,0.305044187174
104,0.0,0.0,0.0,0.0,0.336639526507
105,0.0,0.0,0.0,0.0,0.15101785712
106,0.0,0.0,0.0,0.0,0.164783009098
107,0.0,0.0,0.0,0.0,0.207189885469
108,0.0,0.0,0.0,0.0,0.278262008876
109,0.0,0.0,0.0,0.0,0.560782510561
110,0.0,0.0,0.0,0.0,1.7537855424
111,0.0,0.0,0.0,0.0,2.30198040237
112,0.0,0.0,0.0,0.0,1.1731948316
113,0.0,0.0,0.0,0.0,1.14760054478
114,0.0,0.0,0.0,0.0,0.704213861098
115,0.0,0.0,0.0,0.0,1.1808865591
116,0.0,0.0,0.0,0.0,1.17562871875
117,0.0,0.0,0.0,0.0,0.826443158061
118,0.0,0.0,0.0,0.0,0.279435630441
119,0.0,0.0,0.0,0.0,0.406006339023
120,0.0,0.0,0.0,0.0,-0.0117538567387
121,0.0,0.0,0.0,0.0,-0.223912824086
122,0.0,0.0,0.0,0.0,0.0747293271
123,0.0,0.0,0.0,0.0,-0.22259201881
124,0.0,0.0,0.0,0.0,0.89349601412
125,0.0,0.0,0.0,0.0,0.904689019007
126,0.0,0.0,0.0,0.0,1.6022161538
127,0.0,0.0,0.0,0.0,1.63065321021
128,0.0,0.0,0.0,0.0,2.04546508258
129,0.0,0.0,0.0,0.0,2.43850110366
130,0.0,0.0,0.0,0.0,2.14031776977
131,0.0,0.0,0.0,0.0,0.727566296798
132,0.0,0.0,0.0,0.0,0.76985758743
133,0.0,0.0,0.0,0.0,0.0821333787098
134,0.0,0.0,0.0,0.0,0.0110612553028
135,0.0,0.0,0.0,0.0,0.0821333787098
136,0.0,0.0,0.0,0.0,0.628282212796
137,0.0,0.0,0.0,0.0,1.26043607218
138,0.0,0.0,0.0,0.0,1.21174353333
139,0.0,0.0,0.0,0.0,1.51147748449
140,0.0,0.0,0.0,0.0,1.47534838171
141,0.0,0.0,0.0,0.0,1.1998730409
142,0.0,0.0,0.0,0.0,0.779320757903
143,0.0,0.0,0.0,0.0,0.361818762477
144,0.0,0.0,0.0,0.0,0.299888168164
145,0.0,0.0,0.0,0.0,0.0992015026382
146,0.0,0.0,0.0,0.0,1.30097081148
147,0.0,0.0,0.0,0.0,1.31642520313
148,0.0,0.0,0.0,20.0,5.69503489277
149,0.0,0.0,0.0,0.0,1.31642520313
150,0.0,0.0,0.0,0.0,1.03437663058
151,0.0,0.0,0.0,0.0,1.07245444401
152,0.0,0.0,0.0,0.0,0.813063794846
153,0.0,0.0,0.0,0.0,0.835196464745
154,0.0,0.0,0.0,0.0,0.760081675389
155,0.0,0.0,0.0,0.0,1.15102416302
156,0.0,0.0,0.0,0.0,0.704626444487
157,0.0,0.0,0.0,0.0,-0.237864002166
158,0.0,0.0,0.0,0.0,0.542680887086
159,0.0,0.0,0.0,0.0,0.439890684724
160,0.0,0.0,0.0,0.0,-0.101065666137
161,0.0,0.0,0.0,0.0,0.122058084051
162,0.0,0.0,0.0,0.0,-0.201915111845
163,0.0,0.0,0.0,0.0,-0.0864523231371
164,0.0,0.0,0.0,0.0,0.00385885706195
165,0.0,0.0,0.0,0.0,-0.259007897296
166,0.0,0.0,0.0,0.0,-0.626000542521
167,0.0,0.0,0.0,0.0,-0.581508014099
168,0.0,0.0,0.0,0.0,-1.09956317487
169,0.0,0.0,0.0,0.0,-0.620101383311
170,0.0,0.0,0.0,0.0,-0.840946002598
171,0.0,0.0,0.0,0.0,-0.972672890001
172,0.0,0.0,0.0,0.0,-0.444615078564
173,0.0,0.0,0.0,0.0,-0.536453516552
174,0.0,0.0,0.0,0.0,-0.197505848789
175,0.0,0.0,0.0,0.0,-0.0446900787093
176,0.0,0.0,0.0,0.0,-0.276338228253
177,0.0,0.0,0.0,0.0,-0.082324180184
178,0.0,0.0,0.0,0.0,-0.118628951102
179,0.0,0.0,0.0,0.0,0.386401704683
180,0.0,0.0,0.0,0.0,-0.0109764634906
181,0.0,0.0,0.0,0.0,1.02982951818
182,0.0,0.0,0.0,0.0,-0.0802561173281
183,0.0,0.0,0.0,0.0,0.236074767036
184,0.0,0.0,0.0,0.0,0.309802417958
185,0.0,0.0,0.0,0.0,0.393083945765
186,0.0,0.0,0.0,0.0,0.680928259832
187,0.0,0.0,0.0,0.0,-0.13568185509
188,0.0,0.0,0.0,0.0,-0.106713005631
189,0.0,0.0,0.0,0.0,-0.0836105146209
190,0.0,0.0,0.0,0.0,0.249824337237
191,0.0,0.0,0.0,0.0,0.573834109984
192,0.0,0.0,0.0,0.0,0.867253939137
193,0.0,0.0,0.0,0.0,-0.504688915004
194,0.0,0.0,0.0,0.0,0.707033919873
195,0.0,0.0,0.0,0.0,0.674689183024
196,0.0,0.0,0.0,0.0,0.517306608869
197,0.0,0.0,0.0,0.0,-0.355934916045
198,0.0,0.0,0.0,0.0,0.212046920822
199,0.0,0.0,0.0,0.0,0.43618724708
200,0.0,0.0,0.0,0.0,0.397105150926
201,0.0,0.0,0.0,0.0,0.271544352637
202,0.0,0.0,0.0,0.0,0.452687173189
203,15.0,20.0,20.0,20.0,18.9677367911
204,15.0,20.0,20.0,20.0,19.2430829789
205,15.0,20.0,20.0,20.0,19.0674693409
206,15.0,20.0,20.0,20.0,18.7513046396
207,15.0,20.0,20.0,20.0,19.1253183818
208,15.0,20.0,20.0,20.0,18.8733025012
209,15.0,20.0,20.0,20.0,18.9735203479
210,15.0,20.0,20.0,20.0,18.893567106
211,15.0,20.0,20.0,20.0,18.8013608161
212,15.0,20.0,20.0,20.0,18.8876209376
213,15.0,20.0,20.0,20.0,18.8703196268
214,15.0,20.0,20.0,20.0,19.0411432923
215,15.0,20.0,20.0,20.0,18.907069655
216,15.0,20.0,20.0,20.0,18.247721067
217,15.0,20.0,20.0,20.0,17.9092270044
218,15.0,20.0,20.0,20.0,18.6109538641
219,15.0,20.0,20.0,20.0,18.9286898575
220,15.0,20.0,20.0,20.0,20.2072602031
221,15.0,20.0,20.0,20.0,19.0748365675
222,15.0,20.0,20.0,20.0,17.2939595056
223,15.0,20.0,20.0,20.0,17.7227486539
224,15.0,20.0,20.0,20.0,18.3815696209
225,15.0,20.0,20.0,20.0,17.9633368161
226,15.0,20.0,20.0,20.0,18.046596125
227,15.0,20.0,20.0,20.0,17.1397686306
228,15.0,20.0,20.0,20.0,18.4323888414
229,15.0,20.0,20.0,20.0,18.0014420891
230,15.0,20.0,20.0,20.0,18.4222939453
231,15.0,20.0,20.0,20.0,17.4903738714
232,15.0,15.0,15.0,15.0,15.5525340509
233,15.0,15.0,15.0,15.0,14.2345252896
234,15.0,15.0,15.0,15.0,14.2318554261
235,15.0,15.0,15.0,15.0,13.5237756906
236,15.0,15.0,15.0,15.0,13.602510336
237,15.0,15.0,15.0,15.0,14.2803951937
238,15.0,15.0,15.0,15.0,15.0172775851
239,15.0,15.0,15.0,15.0,15.5525481306
240,15.0,15.0,15.0,15.0,16.0771502407
241,15.0,20.0,20.0,15.0,16.6098368893
242,15.0,20.0,20.0,20.0,17.520102885
243,15.0,20.0,20.0,20.0,18.0063810525
244,15.0,20.0,20.0,20.0,18.0571374314
245,15.0,20.0,20.0,20.0,17.9710275343
246,15.0,20.0,20.0,20.0,18.0144728706
247,15.0,20.0,20.0,20.0,17.964066818
248,15.0,20.0,20.0,20.0,18.0182935784
249,15.0,20.0,20.0,20.0,17.8929440853
250,15.0,20.0,20.0,20.0,18.0281001873
251,15.0,20.0,20.0,20.0,17.9866197804
252,15.0,20.0,20.0,20.0,18.0451146847
253,15.0,20.0,20.0,20.0,18.0249640006
254,15.0,20.0,20.0,20.0,18.0398356876
255,15.0,20.0,20.0,20.0,18.0764157408
256,15.0,20.0,20.0,20.0,18.1310400955
257,15.0,20.0,20.0,20.0,18.0001684009
258,15.0,20.0,20.0,20.0,18.0201132451
259,15.0,20.0,20.0,20.0,17.8829001314
260,15.0,20.0,20.0,20.0,17.8556858742
261,15.0,20.0,20.0,20.0,17.7097489138
262,15.0,20.0,20.0,20.0,17.8268333137
263,15.0,20.0,20.0,20.0,17.7449995504
264,15.0,20.0,20.0,20.0,17.8853458741
265,15.0,20.0,20.0,20.0,17.4656897
266,15.0,20.0,20.0,15.0,17.2354516186
267,15.0,20.0,20.0,15.0,17.0615971498
268,15.0,20.0,20.0,15.0,16.9812301829
269,15.0,15.0,15.0,15.0,17.1082628505
270,15.0,15.0,15.0,15.0,17.8845011311
271,15.0,15.0,15.0,15.0,17.2650073211
272,15.0,15.0,15.0,15.0,16.4238425809
273,15.0,15.0,15.0,15.0,17.3700678514
274,15.0,15.0,15.0,15.0,17.4160328533
275,15.0,15.0,15.0,15.0,16.7060357355
276,15.0,15.0,15.0,20.0,16.8061416625
277,15.0,15.0,15.0,15.0,16.4210047163
278,15.0,15.0,15.0,15.0,15.5540234043
279,15.0,15.0,15.0,15.0,16.2251842788
280,15.0,15.0,15.0,15.0,15.9814377675
281,15.0,15.0,15.0,15.0,15.3991051897
282,15.0,15.0,15.0,15.0,14.7116646929
283,15.0,15.0,15.0,15.0,14.7891963494
284,15.0,15.0,15.0,15.0,15.439440587
285,15.0,15.0,15.0,15.0,16.3282357632
286,15.0,20.0,20.0,15.0,15.6789166996
287,15.0,20.0,20.0,20.0,16.8575127193
288,15.0,20.0,20.0,20.0,16.3782080328
289,15.0,20.0,20.0,15.0,16.0564278142
290,15.0,20.0,20.0,15.0,16.1543900726
291,15.0,15.0,15.0,15.0,15.6581119273
292,15.0,15.0,15.0,15.0,16.9011527186
293,15.0,15.0,15.0,15.0,16.7868424211
294,15.0,15.0,15.0,15.0,16.2861073427
295,15.0,15.0,15.0,15.0,16.7560798603
296,15.0,15.0,15.0,15.0,16.3851665252
297,15.0,15.0,15.0,20.0,17.211230927
298,15.0,15.0,15.0,20.0,17.3093302866
299,15.0,15.0,15.0,20.0,16.5809679506
300,15.0,15.0,15.0,15.0,16.4211484032
301,15.0,15.0,15.0,20.0,16.8579331016
302,15.0,15.0,15.0,20.0,17.1573083163
303,15.0,15.0,15.0,20.0,16.9697505105
304,15.0,15.0,15.0,20.0,17.2704523159
305,15.0,15.0,15.0,15.0,16.6650705372
306,15.0,15.0,15.0,15.0,16.5485789306
307,15.0,15.0,15.0,15.0,16.3814628685
308,15.0,15.0,15.0,15.0,16.3284881278
309,15.0,15.0,15.0,20.0,16.7406621075
310,15.0,15.0,15.0,15.0,16.4411767353
311,15.0,15.0,15.0,15.0,16.9528394695
312,15.0,15.0,15.0,15.0,16.8546080344
313,15.0,15.0,15.0,15.0,16.7034600827
314,15.0,15.0,15.0,15.0,16.7143627657
315,15.0,15.0,15.0,15.0,16.8480940632
316,15.0,15.0,15.0,15.0,17.1587610277
317,15.0,15.0,15.0,20.0,18.2506749548
318,15.0,15.0,15.0,15.0,17.7181719153
319,15.0,15.0,15.0,20.0,18.4777222319
320,15.0,15.0,15.0,20.0,18.6086806771
321,15.0,15.0,15.0,20.0,18.8943572436
322,15.0,20.0,20.0,20.0,20.1944284828
323,15.0,15.0,15.0,20.0,21.3521106209
324,15.0,20.0,20.0,20.0,21.5284762436
325,15.0,20.0,20.0,20.0,22.8559405834
326,15.0,20.0,20.0,20.0,22.2517228885
327,15.0,20.0,20.0,20.0,20.6838346908
328,15.0,20.0,20.0,15.0,18.6837274596
329,15.0,15.0,15.0,20.0,18.9500726134
330,15.0,15.0,15.0,20.0,19.3684832873
331,15.0,15.0,15.0,20.0,18.4589903529
332,15.0,15.0,15.0,15.0,16.5944618732
333,15.0,15.0,15.0,15.0,15.5396767987
334,15.0,15.0,15.0,15.0,15.6939947324
335,15.0,15.0,15.0,15.0,16.8883282715
336,15.0,15.0,15.0,15.0,17.3836112923
337,15.0,15.0,15.0,15.0,16.1636911451
338,15.0,15.0,15.0,20.0,16.1366073676
339,15.0,15.0,15.0,15.0,18.4043096388
340,15.0,20.0,20.0,15.0,17.449558638
341,15.0,20.0,20.0,20.0,17.4246224575
342,15.0,20.0,20.0,20.0,17.8996637909
343,15.0,20.0,20.0,20.0,18.5893974334
344,15.0,20.0,20.0,20.0,18.0847170423
345,15.0,20.0,20.0,20.0,18.9083906698
346,15.0,20.0,20.0,20.0,18.5524289322
347,15.0,20.0,20.0,20.0,17.5875424795
348,15.0,20.0,20.0,20.0,16.8019824587
349,15.0,20.0,20.0,15.0,17.2002887084
350,15.0,15.0,15.0,15.0,16.4594233268
351,15.0,15.0,15.0,15.0,17.2887973271
352,15.0,15.0,15.0,15.0,16.9017571826
353,15.0,15.0,15.0,15.0,16.39068803
354,15.0,15.0,15.0,15.0,16.4272927022
355,15.0,15.0,15.0,15.0,15.4940379623
356,15.0,15.0,15.0,15.0,15.4037423219
357,15.0,15.0,15.0,15.0,15.1363160967
358,15.0,15.0,15.0,15.0,14.810512947
359,15.0,15.0,15.0,15.0,15.2094102173
360,15.0,15.0,15.0,15.0,15.5633326191
361,15.0,15.0,15.0,15.0,15.9108826921
362,15.0,15.0,15.0,15.0,16.0349797806
363,15.0,15.0,15.0,15.0,15.563325503
364,15.0,15.0,15.0,15.0,15.7884939425
365,15.0,15.0,15.0,15.0,17.0646963891
366,15.0,15.0,15.0,15.0,16.8987688788
367,15.0,15.0,15.0,15.0,17.4759087101
368,15.0,15.0,15.0,15.0,17.2832819375
369,15.0,15.0,15.0,15.0,17.333360084
370,15.0,15.0,15.0,25.0,17.8528189311
371,15.0,15.0,15.0,15.0,17.8572363306
372,15.0,15.0,15.0,15.0,17.9480479599
373,15.0,15.0,15.0,15.0,17.6536212636
374,15.0,15.0,15.0,15.0,18.0950418965
375,15.0,15.0,15.0,25.0,18.4855539887
376,15.0,15.0,15.0,25.0,17.8425552446
377,15.0,15.0,15.0,15.0,17.646843286
378,15.0,15.0,15.0,15.0,18.1830442571
379,15.0,15.0,15.0,15.0,18.0622037492
380,15.0,15.0,15.0,15.0,17.9184532766
381,15.0,15.0,15.0,15.0,17.923514732
382,15.0,15.0,15.0,25.0,18.335226779
383,15.0,15.0,15.0,25.0,19.0247968728
384,15.0,15.0,15.0,15.0,19.3129197135
385,15.0,15.0,15.0,25.0,19.3162880773
386,15.0,15.0,15.0,25.0,20.2126992627
387,15.0,15.0,15.0,25.0,20.3141933483
388,15.0,15.0,15.0,25.0,20.6110466513
389,15.0,15.0,15.0,25.0,20.8182187226
390,15.0,15.0,15.0,25.0,19.9775285854
391,15.0,15.0,15.0,15.0,19.9126326162
392,15.0,15.0,15.0,25.0,20.5368371242
393,15.0,15.0,15.0,25.0,20.2123371754
394,15.0,15.0,15.0,25.0,20.6287834033
395,15.0,15.0,15.0,25.0,19.8782662605
396,15.0,15.0,15.0,25.0,20.3285557199
397,15.0,15.0,15.0,25.0,21.2962587909
398,15.0,15.0,15.0,25.0,20.8065500706
399,15.0,15.0,15.0,25.0,20.6292872195
400,15.0,15.0,15.0,25.0,20.6860545556
401,15.0,15.0,15.0,25.0,20.4318698286
402,15.0,15.0,15.0,25.0,19.3443030118
403,15.0,15.0,15.0,15.0,19.3341264962
404,15.0,15.0,15.0,15.0,17.9876286441
405,15.0,15.0,15.0,15.0,13.2363281013
406,15.0,15.0,15.0,15.0,17.7038167674
407,15.0,15.0,15.0,15.0,17.8519513804
408,15.0,15.0,15.0,15.0,16.6946277512
409,15.0,15.0,15.0,15.0,16.959892268
410,15.0,15.0,15.0,15.0,17.0510395813
411,15.0,15.0,15.0,15.0,17.5353774317
412,15.0,15.0,15.0,25.0,19.0781637034
413,15.0,15.0,15.0,15.0,19.0657327889
414,15.0,15.0,15.0,15.0,19.3380226891
415,15.0,15.0,15.0,15.0,18.7430576964
416,15.0,15.0,15.0,15.0,18.1921020012
417,15.0,15.0,15.0,15.0,18.009127574
418,15.0,15.0,15.0,20.0,18.8056556243
419,15.0,15.0,15.0,20.0,18.3741109956
420,15.0,15.0,15.0,20.0,18.4167459711
421,15.0,15.0,15.0,20.0,17.9314322895
422,15.0,15.0,15.0,20.0,18.8952238788
423,15.0,15.0,15.0,15.0,18.7355541763
424,15.0,15.0,15.0,20.0,18.8246051561
425,15.0,15.0,15.0,20.0,19.0655735525
426,15.0,15.0,15.0,20.0,19.0191455524
427,15.0,15.0,15.0,20.0,18.8302284137
428,15.0,15.0,15.0,20.0,19.2498000604
429,15.0,15.0,15.0,20.0,18.9289374678
430,15.0,15.0,15.0,20.0,18.1536332965
431,15.0,15.0,15.0,20.0,18.1019636582
432,15.0,15.0,15.0,20.0,18.0911084004
433,15.0,15.0,15.0,20.0,18.075688563
434,15.0,15.0,15.0,20.0,18.006994967
435,15.0,15.0,15.0,20.0,18.5769131932
436,15.0,20.0,20.0,20.0,18.6531842028
437,15.0,20.0,20.0,20.0,19.4895425479
438,15.0,20.0,20.0,20.0,19.5746955104
439,15.0,20.0,20.0,20.0,19.1189690299
440,15.0,20.0,20.0,20.0,19.2598247843
441,15.0,20.0,20.0,20.0,18.9083384093
442,15.0,15.0,15.0,20.0,18.2823025697
443,15.0,15.0,15.0,20.0,17.500732241
444,15.0,15.0,15.0,20.0,18.1296706809
445,15.0,15.0,15.0,20.0,17.6559437462
446,15.0,15.0,15.0,15.0,17.7528271621
447,15.0,15.0,15.0,15.0,16.916994382
448,15.0,15.0,15.0,15.0,15.2350446391
449,15.0,15.0,15.0,15.0,15.9220446346
450,15.0,15.0,15.0,15.0,17.1190884227
451,15.0,15.0,15.0,15.0,16.5016322295
452,15.0,15.0,15.0,15.0,15.7333501541
453,15.0,15.0,15.0,15.0,15.3992828062
454,15.0,15.0,15.0,15.0,16.3144916601
455,15.0,15.0,15.0,20.0,16.6377536188
456,15.0,15.0,15.0,20.0,17.8481355839
457,15.0,20.0,20.0,20.0,17.9074414155
458,15.0,20.0,20.0,20.0,18.1729773289
459,15.0,20.0,20.0,20.0,17.8139069677
460,15.0,20.0,20.0,20.0,17.7682407018
461,15.0,20.0,20.0,20.0,17.6618020077
462,15.0,20.0,20.0,20.0,17.7514627137
463,15.0,15.0,15.0,20.0,17.9344331989
464,15.0,15.0,15.0,20.0,17.5446467213
465,15.0,15.0,15.0,20.0,16.9959933068
466,15.0,15.0,15.0,20.0,17.1751804902
467,15.0,15.0,15.0,20.0,16.9365340671
468,15.0,15.0,15.0,20.0,16.5927531024
469,15.0,15.0,15.0,20.0,16.7222560245
470,15.0,15.0,15.0,15.0,16.381253888
471,15.0,15.0,15.0,15.0,15.7550254569
472,15.0,15.0,15.0,15.0,15.9579713944
473,15.0,15.0,15.0,15.0,16.220628157
474,15.0,15.0,15.0,15.0,16.3940570865
475,15.0,15.0,15.0,15.0,15.9190992499
476,15.0,15.0,15.0,15.0,16.6872010493
477,15.0,15.0,15.0,15.0,16.9272501224
478,15.0,15.0,15.0,15.0,15.3542558201
479,15.0,15.0,15.0,15.0,15.0580507348
480,15.0,15.0,15.0,15.0,15.5330036006
481,15.0,15.0,15.0,15.0,15.0157997415
482,15.0,15.0,15.0,15.0,15.4923501618
483,15.0,15.0,15.0,15.0,15.6874155813
484,15.0,15.0,15.0,15.0,15.7256726489
485,15.0,15.0,15.0,15.0,16.0750830755
486,15.0,15.0,15.0,20.0,16.600792503
487,15.0,15.0,15.0,15.0,15.9663791204
488,15.0,15.0,15.0,20.0,16.9634805936
489,15.0,20.0,20.0,20.0,16.1372179339
490,15.0,15.0,15.0,15.0,16.0044359279
491,15.0,15.0,15.0,15.0,16.0106011282
492,15.0,15.0,15.0,15.0,17.0053340736
493,15.0,15.0,15.0,15.0,17.5038407973
494,15.0,15.0,15.0,15.0,17.4489358894
495,15.0,15.0,15.0,15.0,17.6832353038
496,15.0,15.0,15.0,15.0,17.4601615708
497,15.0,15.0,15.0,15.0,16.5215700054
498,15.0,15.0,15.0,15.0,18.0957932296
499,15.0,15.0,15.0,15.0,17.2536557359
500,15.0,15.0,15.0,15.0,17.9090837043
501,15.0,15.0,15.0,15.0,15.9108631617
502,15.0,15.0,15.0,15.0,15.5072770912
503,15.0,15.0,15.0,15.0,17.3970194035
504,15.0,15.0,15.0,15.0,18.2402864653
505,15.0,15.0,15.0,15.0,17.3174852831
506,15.0,15.0,15.0,15.0,18.3612611436
507,15.0,15.0,15.0,15.0,17.4716474928
508,15.0,15.0,15.0,15.0,18.6115737816
509,15.0,15.0,15.0,25.0,18.972031563
510,15.0,15.0,15.0,25.0,18.4420887422
511,15.0,15.0,15.0,15.0,18.1698563041
512,15.0,15.0,15.0,25.0,19.6066182894
513,15.0,15.0,15.0,25.0,19.2786414628
514,15.0,15.0,15.0,25.0,19.2066956795
515,15.0,15.0,15.0,25.0,19.1240140926
516,15.0,15.0,15.0,25.0,19.442054732
517,15.0,15.0,15.0,25.0,19.8051451358
518,15.0,15.0,15.0,25.0,19.8718582975
519,15.0,15.0,15.0,25.0,20.2454656428
520,15.0,15.0,15.0,25.0,20.2002412255
521,15.0,15.0,15.0,25.0,19.8314275305
522,15.0,15.0,15.0,25.0,19.7616567371
523,15.0,15.0,15.0,25.0,20.1288455422
524,15.0,15.0,15.0,25.0,19.6655355448
525,15.0,15.0,15.0,25.0,19.8957006547
526,15.0,15.0,15.0,25.0,19.9763434724
527,15.0,15.0,15.0,20.0,19.3975498021
528,15.0,15.0,15.0,20.0,19.9398150402
529,15.0,15.0,15.0,20.0,19.920622448
530,15.0,15.0,15.0,20.0,19.5715258571
531,15.0,15.0,15.0,25.0,19.8249085664
532,15.0,15.0,15.0,25.0,20.4870257177
533,15.0,15.0,15.0,25.0,20.5894335297
534,15.0,15.0,15.0,25.0,20.5492777396
535,15.0,15.0,15.0,25.0,19.0792822437
536,15.0,15.0,15.0,25.0,19.6834944109
537,15.0,15.0,15.0,25.0,20.1413837329
538,15.0,15.0,15.0,25.0,19.3959261009
539,15.0,15.0,15.0,25.0,19.8325502458
540,15.0,15.0,15.0,25.0,19.2218128411
541,15.0,15.0,15.0,25.0,19.2787358423
542,15.0,15.0,15.0,25.0,19.8235089157
543,15.0,15.0,15.0,25.0,18.9470258143
544,20.0,20.0,20.0,20.0,20.8369497846
545,20.0,20.0,20.0,20.0,20.2435639649
546,20.0,20.0,20.0,20.0,19.4816698546
547,20.0,20.0,20.0,20.0,18.379885486
548,20.0,20.0,20.0,20.0,17.2093810059
549,20.0,20.0,20.0,20.0,17.984628787
550,20.0,20.0,20.0,20.0,17.8167987335
551,20.0,20.0,20.0,20.0,18.2913173238
552,20.0,15.0,15.0,20.0,18.3369973783
553,20.0,15.0,15.0,15.0,17.6818432349
554,20.0,15.0,15.0,15.0,16.4106880286
555,20.0,15.0,15.0,20.0,17.5552793225
556,20.0,15.0,15.0,20.0,17.1638698286
557,20.0,15.0,15.0,20.0,16.5035098305
558,20.0,20.0,20.0,20.0,16.9615035102
559,20.0,20.0,20.0,20.0,17.3691079985
560,20.0,20.0,20.0,20.0,17.5051460823
561,20.0,20.0,20.0,20.0,17.6323856069
562,20.0,20.0,20.0,20.0,19.1571182153
563,20.0,20.0,20.0,20.0,19.1119244597
564,20.0,20.0,20.0,20.0,19.203881282
565,20.0,20.0,20.0,20.0,19.1964549319
566,20.0,20.0,20.0,20.0,19.2165529503
567,20.0,20.0,20.0,20.0,19.6025206959
568,20.0,20.0,20.0,20.0,19.8351666642
569,20.0,20.0,20.0,20.0,18.8573222107
570,20.0,20.0,20.0,20.0,19.9784753061
571,20.0,20.0,20.0,20.0,20.9670172582
572,20.0,20.0,20.0,20.0,21.6199765379
573,20.0,20.0,20.0,20.0,23.4480531925
574,20.0,20.0,20.0,20.0,23.4860827242
575,20.0,20.0,20.0,20.0,22.7253449297
576,20.0,20.0,20.0,20.0,23.4171124597
577,20.0,20.0,20.0,20.0,21.8127851844
578,20.0,20.0,20.0,20.0,20.1230808726
579,20.0,20.0,20.0,20.0,19.9679169901
580,20.0,20.0,20.0,20.0,20.3475573168
581,20.0,20.0,20.0,20.0,20.2083631662
582,20.0,20.0,20.0,20.0,19.191366793
583,20.0,20.0,20.0,20.0,19.0350618325
584,20.0,20.0,20.0,20.0,20.3472455442
585,20.0,20.0,20.0,20.0,20.5712883702
586,20.0,20.0,20.0,20.0,19.3450355927
587,20.0,20.0,20.0,20.0,19.3654837324
588,20.0,20.0,20.0,20.0,19.8233215067
589,20.0,20.0,20.0,20.0,20.0372962194
590,20.0,20.0,20.0,20.0,19.3675468879
591,20.0,20.0,20.0,20.0,18.1901611951
592,20.0,20.0,20.0,20.0,19.1816298722
593,20.0,20.0,20.0,20.0,18.6864550762
594,20.0,20.0,20.0,20.0,18.7377676523
595,20.0,20.0,20.0,20.0,19.0090552416
596,20.0,20.0,20.0,20.0,20.685614548
597,20.0,20.0,20.0,20.0,21.298386568
598,20.0,20.0,20.0,20.0,20.2595637587
599,20.0,20.0,20.0,20.0,20.2448824746
600,20.0,20.0,20.0,20.0,21.2529343389
601,20.0,20.0,20.0,20.0,21.557861248
602,20.0,20.0,20.0,20.0,21.1556853851
603,20.0,20.0,20.0,20.0,20.1566702492
604,20.0,20.0,20.0,20.0,19.0434938676
605,20.0,20.0,20.0,20.0,18.5552082551
606,20.0,20.0,20.0,20.0,19.1409277909
607,20.0,20.0,20.0,20.0,19.3472937065
608,20.0,20.0,20.0,20.0,19.6636477773
609,20.0,20.0,20.0,20.0,19.5913716562
610,20.0,20.0,20.0,20.0,20.980316043
611,20.0,20.0,20.0,20.0,22.216704997
612,20.0,20.0,20.0,20.0,22.2129381804
613,20.0,20.0,20.0,20.0,22.5314684872
614,20.0,20.0,20.0,20.0,23.4261962143
615,20.0,20.0,20.0,20.0,23.7011077338
616,20.0,20.0,20.0,20.0,23.9417834046
617,20.0,30.0,30.0,20.0,25.2693570143
618,20.0,30.0,30.0,20.0,25.3518676155
619,20.0,30.0,30.0,20.0,25.3838003316
620,20.0,30.0,30.0,20.0,25.6451744461
621,20.0,30.0,30.0,20.0,25.365871302
622,20.0,30.0,30.0,20.0,25.2117954575
623,20.0,30.0,30.0,20.0,25.7733912629
624,20.0,30.0,30.0,20.0,25.7848465868
625,20.0,20.0,20.0,20.0,23.682911101
626,20.0,20.0,20.0,20.0,23.2732179386
627,20.0,20.0,20.0,20.0,22.9371027297
628,20.0,20.0,20.0,20.0,21.6676744677
629,20.0,20.0,20.0,20.0,21.3197692969
630,20.0,20.0,20.0,20.0,20.6088483043
631,20.0,20.0,20.0,20.0,19.14585971
632,20.0,20.0,20.0,20.0,18.7335396495
633,20.0,20.0,20.0,20.0,20.2975655127
634,20.0,20.0,20.0,20.0,20.7403846964
635,20.0,20.0,20.0,20.0,20.7979734978
636,20.0,20.0,20.0,20.0,21.7909089878
637,20.0,20.0,20.0,20.0,19.9300818276
638,20.0,20.0,20.0,20.0,20.8496003388
639,20.0,20.0,20.0,20.0,23.4356471952
640,20.0,20.0,20.0,20.0,14.9270743449
641,20.0,0.0,0.0,0.0,3.89855779978
642,20.0,0.0,0.0,0.0,4.35438246386
643,20.0,0.0,0.0,0.0,2.87945574287
644,20.0,0.0,0.0,0.0,2.2800043253
645,20.0,0.0,0.0,0.0,2.89399416856
646,20.0,0.0,0.0,0.0,7.0156140692
647,20.0,0.0,0.0,15.0,15.6504483435
648,20.0,0.0,0.0,15.0,15.3037824206
649,20.0,15.0,15.0,20.0,16.3784112811
650,20.0,15.0,15.0,20.0,17.1483481315
651,20.0,15.0,15.0,20.0,17.4836534837
652,20.0,15.0,15.0,20.0,18.0136444678
653,20.0,15.0,15.0,20.0,16.3014136669
654,20.0,15.0,15.0,20.0,17.9821912012
655,20.0,15.0,15.0,20.0,18.9498275393
656,20.0,15.0,15.0,20.0,18.2639741644
657,20.0,15.0,15.0,20.0,18.8474029184
658,20.0,15.0,15.0,20.0,19.3501531704
659,20.0,15.0,15.0,20.0,19.2487330389
660,20.0,15.0,15.0,20.0,18.2301460138
661,20.0,15.0,15.0,20.0,17.6152674841
662,20.0,15.0,15.0,20.0,17.7370835195
663,20.0,15.0,15.0,20.0,17.7278304818
664,20.0,15.0,15.0,15.0,17.3743363474
665,20.0,15.0,15.0,15.0,17.216780072
666,20.0,15.0,15.0,15.0,17.8996086309
667,20.0,15.0,15.0,15.0,18.8880601997
668,20.0,15.0,15.0,15.0,16.5419403209
669,20.0,15.0,15.0,15.0,17.1890736625
670,20.0,15.0,15.0,15.0,18.3244586458
671,20.0,15.0,15.0,15.0,19.2330575482
672,20.0,15.0,15.0,15.0,17.3514349211
673,20.0,15.0,15.0,15.0,18.947409806
674,20.0,15.0,15.0,25.0,19.7275544577
675,20.0,15.0,15.0,20.0,20.2442004581
676,20.0,15.0,15.0,25.0,19.3272716752
677,20.0,15.0,15.0,20.0,19.958923683
678,20.0,20.0,20.0,20.0,19.9574789039
679,20.0,20.0,20.0,25.0,21.7692492564
680,20.0,20.0,20.0,25.0,21.2809564484
681,20.0,20.0,20.0,25.0,20.9011734001
682,20.0,20.0,20.0,25.0,19.3918074232
683,20.0,20.0,20.0,20.0,19.445191005
684,20.0,20.0,20.0,25.0,19.9671822742
685,20.0,20.0,20.0,25.0,19.8083209285
686,20.0,20.0,20.0,25.0,20.1396581363
687,20.0,20.0,20.0,25.0,20.6259359807
688,20.0,20.0,20.0,25.0,20.9102965424
689,20.0,20.0,20.0,25.0,20.8481147814
690,20.0,20.0,20.0,25.0,21.5956980604
691,20.0,20.0,20.0,25.0,21.5611180856
692,20.0,20.0,20.0,25.0,22.3946813202
693,20.0,25.0,25.0,25.0,22.3340669558
694,20.0,25.0,25.0,25.0,22.8245837735
695,20.0,25.0,25.0,25.0,22.4682914342
696,20.0,25.0,25.0,25.0,23.1060696158
697,20.0,25.0,25.0,25.0,23.0628981102
698,20.0,25.0,25.0,25.0,23.842286548
699,20.0,25.0,25.0,25.0,22.6783541129
700,20.0,25.0,25.0,25.0,22.5514974204
701,20.0,20.0,20.0,25.0,23.3460504638
702,20.0,20.0,20.0,20.0,21.3915449936
703,20.0,20.0,20.0,20.0,21.1864501884
704,20.0,20.0,20.0,20.0,21.1683591562
705,20.0,20.0,20.0,20.0,21.674875653
706,20.0,20.0,20.0,20.0,21.2230384965
707,20.0,20.0,20.0,20.0,21.0263168778
708,20.0,20.0,20.0,20.0,19.3946319154
709,20.0,20.0,20.0,20.0,19.6541701591
710,20.0,20.0,20.0,20.0,19.4433669959
711,20.0,20.0,20.0,20.0,20.4750749595
712,20.0,20.0,20.0,20.0,20.4366904999
713,20.0,20.0,20.0,20.0,19.1337095519
714,20.0,20.0,20.0,20.0,20.9563475863
715,20.0,20.0,20.0,20.0,19.8495613838
716,20.0,20.0,20.0,20.0,20.792054052
717,20.0,20.0,20.0,20.0,20.6686521947
718,20.0,20.0,20.0,20.0,19.9144669793
719,20.0,20.0,20.0,20.0,18.4671469135
720,20.0,20.0,20.0,20.0,18.9103285638
721,20.0,20.0,20.0,20.0,19.3014705429
722,20.0,20.0,20.0,20.0,18.9284129254
723,20.0,20.0,20.0,20.0,18.4965776252
724,20.0,20.0,20.0,20.0,18.1977762749
725,20.0,20.0,20.0,20.0,18.6637317859
726,20.0,20.0,20.0,20.0,18.5212991991
727,20.0,15.0,15.0,20.0,18.4164653397
728,20.0,15.0,15.0,20.0,17.9847053456
729,20.0,15.0,15.0,15.0,17.952484055
730,20.0,15.0,15.0,15.0,16.7702343837
731,20.0,15.0,15.0,15.0,17.0415304995
732,20.0,15.0,15.0,15.0,17.1158148613
733,20.0,15.0,15.0,15.0,16.3641075175
734,20.0,15.0,15.0,15.0,15.6973528832
735,20.0,15.0,15.0,15.0,15.9115013311
736,20.0,15.0,15.0,15.0,15.3531790623
737,20.0,15.0,15.0,15.0,16.3902862514
738,20.0,15.0,15.0,15.0,16.6792669194
739,20.0,15.0,15.0,15.0,15.8715649402
740,20.0,15.0,15.0,15.0,16.3462516733
741,20.0,15.0,15.0,20.0,17.2781741422
742,20.0,15.0,15.0,20.0,16.5470517978
743,20.0,20.0,20.0,20.0,16.7278592009
744,20.0,20.0,20.0,20.0,17.1186407935
745,20.0,20.0,20.0,20.0,17.6917873001
746,20.0,20.0,20.0,20.0,17.4938893007
747,20.0,20.0,20.0,20.0,18.3537305974
748,20.0,20.0,20.0,20.0,18.5518612673
749,20.0,20.0,20.0,15.0,18.6514675425
750,20.0,15.0,15.0,15.0,18.4642283053
751,20.0,15.0,15.0,15.0,18.3999316807
752,20.0,15.0,15.0,15.0,17.417340407
753,20.0,15.0,15.0,15.0,17.3413525972
754,20.0,15.0,15.0,15.0,16.6209096005
755,20.0,15.0,15.0,15.0,15.7444707873
756,20.0,15.0,15.0,15.0,17.3243606941
757,20.0,20.0,20.0,20.0,19.0290809001
758,20.0,20.0,20.0,15.0,19.8152728127
759,20.0,20.0,20.0,15.0,20.3422020355
760,20.0,20.0,20.0,20.0,21.249039897
761,20.0,20.0,20.0,30.0,20.2625019727
762,20.0,20.0,20.0,20.0,19.9282844097
763,20.0,20.0,20.0,20.0,19.3143221581
764,20.0,20.0,20.0,20.0,19.1845185369
765,20.0,20.0,20.0,20.0,19.7322482604
766,20.0,20.0,20.0,20.0,19.344110158
767,20.0,20.0,20.0,20.0,21.5320911301
768,20.0,20.0,20.0,15.0,22.1026459909
769,20.0,20.0,20.0,25.0,21.6760474212
770,20.0,25.0,25.0,25.0,23.0940404855
771,20.0,25.0,25.0,25.0,23.5602742161
772,20.0,25.0,25.0,25.0,23.5442935406
773,20.0,25.0,25.0,25.0,25.3315187869
774,20.0,25.0,25.0,25.0,23.4663628134
775,20.0,25.0,25.0,25.0,24.7186617482
776,20.0,25.0,25.0,25.0,23.705543921
777,20.0,25.0,25.0,25.0,23.0141195982
778,20.0,25.0,25.0,25.0,24.0300040862
779,20.0,25.0,25.0,25.0,23.4310817265
780,20.0,25.0,25.0,20.0,21.5121246113
781,20.0,25.0,25.0,25.0,22.7733624725
782,20.0,25.0,25.0,25.0,23.9369566919
783,20.0,25.0,25.0,25.0,20.7642981551
784,20.0,20.0,20.0,25.0,20.4513661554
785,20.0,20.0,20.0,20.0,19.1466374288
786,20.0,20.0,20.0,15.0,16.8014167512
787,20.0,20.0,20.0,15.0,17.3086422086
788,20.0,15.0,15.0,15.0,17.5555684902
789,20.0,15.0,15.0,15.0,14.8271195461
790,20.0,15.0,15.0,15.0,14.5329293877
791,20.0,15.0,15.0,15.0,14.3415810611
792,20.0,15.0,15.0,15.0,15.3403331806
793,20.0,15.0,15.0,15.0,16.5123363903
794,20.0,15.0,15.0,15.0,18.7281615065
795,20.0,15.0,15.0,15.0,20.0156044047
796,20.0,15.0,15.0,15.0,21.082493993
797,20.0,15.0,15.0,15.0,20.8059945218
798,20.0,15.0,15.0,20.0,20.5932826032
799,20.0,20.0,20.0,20.0,19.311365005
800,20.0,20.0,20.0,20.0,20.3682223023
801,20.0,20.0,20.0,20.0,20.7076548854
802,20.0,20.0,20.0,20.0,22.3656751242
803,20.0,20.0,20.0,20.0,21.0249215105
804,20.0,20.0,20.0,20.0,20.7492787895
805,20.0,20.0,20.0,20.0,22.0716881265
806,20.0,20.0,20.0,20.0,21.7828677113
807,20.0,20.0,20.0,20.0,21.3999890515
808,20.0,20.0,20.0,20.0,21.7461763478
809,20.0,20.0,20.0,20.0,23.2999661263
810,20.0,20.0,20.0,20.0,22.7995521083
811,20.0,20.0,20.0,20.0,22.9011157191
812,20.0,20.0,20.0,20.0,23.8759021403
813,20.0,20.0,20.0,20.0,22.5345286292
814,20.0,20.0,20.0,20.0,22.9519767719
815,20.0,20.0,20.0,20.0,23.531925092
816,20.0,20.0,20.0,20.0,21.1988778644
817,20.0,20.0,20.0,20.0,21.4697997229
818,20.0,20.0,20.0,20.0,22.0540429523
819,20.0,20.0,20.0,20.0,23.0175092714
820,20.0,20.0,20.0,20.0,23.2448536644
821,20.0,20.0,20.0,20.0,21.6280048675
822,20.0,20.0,20.0,20.0,20.9683228116
823,20.0,20.0,20.0,20.0,21.0427337711
824,20.0,20.0,20.0,20.0,21.1141148785
825,20.0,20.0,20.0,20.0,21.8167583689
826,20.0,20.0,20.0,20.0,22.2811499452
827,20.0,20.0,20.0,20.0,22.0468817145
828,20.0,20.0,20.0,20.0,22.5388768732
829,20.0,20.0,20.0,20.0,22.4840278731
830,20.0,20.0,20.0,20.0,23.5722628384
831,20.0,20.0,20.0,20.0,23.2634822804
832,20.0,20.0,20.0,20.0,22.7919041995
833,20.0,20.0,20.0,20.0,22.0386359046
834,20.0,20.0,20.0,20.0,22.4144466123
835,20.0,20.0,20.0,20.0,23.1040771734
836,20.0,20.0,20.0,20.0,23.7525337718
837,20.0,20.0,20.0,20.0,23.7970237517
838,20.0,20.0,20.0,20.0,23.6373169658
839,20.0,20.0,20.0,20.0,22.7396367145
840,20.0,20.0,20.0,20.0,23.4899180353
841,20.0,20.0,20.0,20.0,22.9680897277
842,20.0,20.0,20.0,20.0,22.8892051629
843,20.0,20.0,20.0,20.0,22.7268235669
844,20.0,20.0,20.0,20.0,22.5913246261
845,20.0,20.0,20.0,20.0,21.956245215
846,20.0,20.0,20.0,20.0,23.4539671903
847,20.0,20.0,20.0,20.0,25.1613995999
848,20.0,20.0,20.0,20.0,23.1730533019
849,20.0,20.0,20.0,20.0,24.1283398678
850,20.0,20.0,20.0,20.0,23.7332023259
851,20.0,20.0,20.0,20.0,23.4464827784
852,20.0,20.0,20.0,20.0,22.8128974278
853,20.0,20.0,20.0,20.0,24.0291682388
854,20.0,20.0,20.0,20.0,22.4994958447
855,20.0,20.0,20.0,20.0,22.8796972233
856,20.0,20.0,20.0,20.0,21.7528224679
857,20.0,20.0,20.0,20.0,21.703960385
858,20.0,20.0,20.0,20.0,21.3514409013
859,20.0,20.0,20.0,20.0,22.0214320108
860,20.0,20.0,20.0,20.0,21.4988031015
861,20.0,20.0,20.0,20.0,22.1277261445
862,20.0,20.0,20.0,20.0,21.3185055244
863,20.0,20.0,20.0,20.0,21.277779736
864,20.0,20.0,20.0,20.0,20.3973777966
865,20.0,20.0,20.0,20.0,20.5934609767
866,20.0,20.0,20.0,20.0,19.0356604462
867,20.0,20.0,20.0,20.0,19.6410768322
868,20.0,20.0,20.0,20.0,19.6169837533
869,20.0,20.0,20.0,20.0,19.688972103
870,20.0,20.0,20.0,20.0,20.1120218754
871,20.0,20.0,20.0,20.0,20.5073603742
872,20.0,20.0,20.0,20.0,19.6169885874
873,20.0,20.0,20.0,20.0,21.4875879452
874,20.0,20.0,20.0,20.0,19.729853808
875,20.0,20.0,20.0,20.0,19.7394194312
876,20.0,20.0,20.0,20.0,20.6311139626
877,20.0,20.0,20.0,20.0,19.9120350663
878,20.0,20.0,20.0,20.0,20.9135487783
879,20.0,20.0,20.0,20.0,21.1563605845
880,20.0,20.0,20.0,20.0,21.2995526663
881,20.0,20.0,20.0,20.0,20.8404930019
882,20.0,20.0,20.0,20.0,21.3750453646
883,20.0,20.0,20.0,0.0,4.92315698123
884,20.0,0.0,0.0,0.0,5.34734593887
885,20.0,0.0,0.0,0.0,6.13090285281
886,20.0,0.0,0.0,0.0,4.5785481516
887,20.0,0.0,0.0,0.0,4.3750017017
888,20.0,0.0,0.0,20.0,20.1185075867
889,20.0,0.0,0.0,20.0,17.9553753257
890,20.0,20.0,20.0,20.0,17.9684158996
891,20.0,20.0,20.0,20.0,20.2430926512
892,20.0,20.0,20.0,20.0,20.0414105506
893,20.0,20.0,20.0,20.0,19.106728696
894,20.0,20.0,20.0,20.0,20.8629927281
895,20.0,20.0,20.0,20.0,22.7205360226
896,20.0,20.0,20.0,20.0,22.8859906814
897,20.0,20.0,20.0,20.0,23.1877190032
898,20.0,20.0,20.0,20.0,24.0516659542
899,20.0,20.0,20.0,20.0,24.1438563559
900,20.0,30.0,30.0,20.0,24.7005468573
901,20.0,30.0,30.0,20.0,26.12798236
902,20.0,30.0,30.0,20.0,25.3351151332
903,20.0,30.0,30.0,20.0,26.3078163773
904,20.0,30.0,30.0,20.0,26.51467242
905,20.0,30.0,30.0,20.0,25.5801677704
906,20.0,30.0,30.0,20.0,25.9379466541
907,20.0,30.0,30.0,30.0,26.1362596735
908,20.0,30.0,30.0,20.0,17.1285472417
909,20.0,0.0,0.0,0.0,5.45175042416
910,20.0,0.0,0.0,30.0,26.3773458804
911,20.0,25.0,25.0,25.0,24.9713648145
912,20.0,0.0,0.0,30.0,15.8382572499
913,20.0,0.0,0.0,0.0,6.80921590854
914,20.0,0.0,0.0,0.0,4.26922282649
915,20.0,0.0,0.0,0.0,4.32742046854
916,20.0,0.0,0.0,0.0,4.92642955405
917,20.0,0.0,0.0,20.0,10.4929598985
918,20.0,0.0,0.0,0.0,7.19867976274
919,20.0,0.0,0.0,20.0,16.3276044047
920,20.0,0.0,0.0,20.0,16.347488053
921,20.0,15.0,15.0,20.0,16.7700900226
922,20.0,15.0,15.0,20.0,18.9505579772
923,20.0,15.0,15.0,20.0,19.2033315538
924,20.0,20.0,20.0,20.0,20.5048549996
925,20.0,20.0,20.0,20.0,20.8950713478
926,20.0,20.0,20.0,20.0,20.7365968846
927,20.0,20.0,20.0,20.0,21.4045033392
928,20.0,20.0,20.0,20.0,21.4915474753
929,20.0,20.0,20.0,20.0,21.4839101845
930,25.0,25.0,25.0,25.0,26.674339118
931,25.0,25.0,25.0,25.0,27.4410995721
932,25.0,30.0,30.0,30.0,27.7604463664
933,25.0,30.0,30.0,25.0,28.2000406551
934,25.0,30.0,30.0,30.0,27.9976513154
935,25.0,25.0,25.0,25.0,28.5498601652
936,25.0,25.0,25.0,25.0,26.9014583194
937,25.0,25.0,25.0,25.0,25.7042654629
938,25.0,25.0,25.0,20.0,25.4905285531
939,25.0,20.0,20.0,20.0,25.1318003717
940,25.0,20.0,20.0,20.0,24.972874851
941,25.0,20.0,20.0,20.0,21.8912040187
942,25.0,20.0,20.0,20.0,20.954766191
943,25.0,20.0,20.0,20.0,17.4961475036
944,25.0,20.0,20.0,20.0,10.3607736681
945,25.0,15.0,15.0,20.0,19.2117544999
946,25.0,15.0,15.0,20.0,19.1103530311
947,25.0,15.0,15.0,20.0,8.56602289033
948,25.0,0.0,0.0,0.0,4.0865589296
949,25.0,0.0,0.0,0.0,5.94396811259
950,25.0,0.0,0.0,20.0,10.340763599
951,25.0,0.0,0.0,20.0,17.790815773
952,25.0,20.0,20.0,20.0,17.3287434181
953,25.0,20.0,20.0,20.0,17.5847790533
954,25.0,20.0,20.0,20.0,17.6664372768
955,25.0,20.0,20.0,20.0,18.1410823165
956,25.0,20.0,20.0,20.0,18.3088823041
957,25.0,25.0,25.0,20.0,19.258917336
958,25.0,25.0,25.0,20.0,19.8205587718
959,25.0,25.0,25.0,20.0,19.5406573903
960,25.0,25.0,25.0,20.0,19.4476241238
961,25.0,25.0,25.0,20.0,20.1967445409
962,25.0,25.0,25.0,20.0,20.3967758731
963,25.0,25.0,25.0,25.0,20.6402434667
964,25.0,25.0,25.0,25.0,20.3799717447
965,25.0,25.0,25.0,25.0,20.5811029013
966,25.0,25.0,25.0,25.0,20.869935196
967,25.0,25.0,25.0,25.0,21.4962075323
968,25.0,25.0,25.0,25.0,21.4319873008
969,25.0,25.0,25.0,25.0,22.1527340892
970,25.0,25.0,25.0,25.0,22.1544800573
971,25.0,25.0,25.0,25.0,22.0513965291
972,25.0,25.0,25.0,25.0,22.0720491761
973,25.0,25.0,25.0,25.0,22.434708346
974,25.0,25.0,25.0,25.0,22.4849940215
975,25.0,25.0,25.0,25.0,22.4066617689
976,25.0,25.0,25.0,25.0,22.4410402176
977,25.0,25.0,25.0,25.0,22.436995317
978,25.0,25.0,25.0,0.0,3.88778770004
979,25.0,0.0,0.0,0.0,4.60009066774
980,25.0,0.0,0.0,0.0,4.83343284397
981,25.0,0.0,0.0,0.0,3.24844295296
982,25.0,0.0,0.0,0.0,3.42933570854
983,25.0,0.0,0.0,0.0,2.80442665647
984,25.0,0.0,0.0,0.0,1.2828010225
985,25.0,0.0,0.0,0.0,1.08489956969
986,25.0,0.0,0.0,0.0,1.27749512714
987,25.0,0.0,0.0,0.0,7.10644385241
988,25.0,0.0,0.0,15.0,17.9408449233
989,25.0,0.0,0.0,15.0,17.4754869128
990,25.0,25.0,25.0,25.0,19.0097698461
991,25.0,25.0,25.0,25.0,19.6121850357
992,25.0,25.0,25.0,25.0,20.5113055871
993,25.0,25.0,25.0,25.0,22.6826396711
994,25.0,25.0,25.0,25.0,22.5296874779
995,25.0,25.0,25.0,20.0,15.1885901958
996,25.0,25.0,25.0,25.0,23.4351044482
997,25.0,25.0,25.0,25.0,24.10922727
998,25.0,25.0,25.0,25.0,22.374768416
999,25.0,25.0,25.0,25.0,16.9167762543
1000,25.0,25.0,25.0,25.0,11.8346751325
1001,25.0,25.0,25.0,25.0,22.6707250729
1002,25.0,25.0,25.0,25.0,22.3567804258
1003,25.0,25.0,25.0,25.0,22.7083623248
1004,25.0,25.0,25.0,25.0,23.7260020624
1005,25.0,25.0,25.0,25.0,20.9114309744
1006,25.0,25.0,25.0,25.0,22.8264526476
1007,25.0,25.0,25.0,25.0,24.4667163787
1008,25.0,25.0,25.0,25.0,24.3447801849
1009,25.0,25.0,25.0,25.0,24.6930548617
1010,25.0,25.0,25.0,25.0,24.5961274468
1011,25.0,25.0,25.0,25.0,24.0970856562
1012,25.0,25.0,25.0,25.0,24.823974404
1013,25.0,25.0,25.0,25.0,25.1900819552
1014,25.0,25.0,25.0,25.0,25.1754870521
1015,25.0,25.0,25.0,25.0,24.5830651183
1016,25.0,25.0,25.0,25.0,24.9920811435
1017,25.0,25.0,25.0,25.0,25.0760828611
1018,25.0,25.0,25.0,25.0,25.4897535263
1019,25.0,25.0,25.0,25.0,25.6698416394
1020,25.0,25.0,25.0,25.0,25.8895777227
1021,25.0,25.0,25.0,25.0,27.2359489691
1022,25.0,25.0,25.0,30.0,27.9417484603
1023,25.0,25.0,25.0,30.0,29.2506421742
1024,25.0,25.0,25.0,30.0,30.0015295557
1025,25.0,30.0,30.0,30.0,30.4147245896
1026,25.0,25.0,25.0,30.0,30.13482797
1027,25.0,25.0,25.0,30.0,29.344481433
1028,25.0,25.0,25.0,30.0,29.8492371261
1029,25.0,25.0,25.0,30.0,30.4598276038
1030,25.0,25.0,25.0,30.0,30.4609178695
1031,25.0,25.0,25.0,30.0,30.0654815034
1032,25.0,25.0,25.0,30.0,30.2003197449
1033,25.0,25.0,25.0,30.0,30.0011828905
1034,25.0,25.0,25.0,30.0,30.2027603788
1035,25.0,25.0,25.0,30.0,30.5033114421
1036,25.0,25.0,25.0,30.0,30.3146828899
1037,25.0,25.0,25.0,30.0,29.940823967
1038,25.0,25.0,25.0,30.0,30.0065283938
1039,25.0,25.0,25.0,30.0,30.1771276117
1040,25.0,25.0,25.0,30.0,30.0828857771
1041,25.0,25.0,25.0,30.0,30.951133247
1042,25.0,25.0,25.0,30.0,30.315254206
1043,25.0,25.0,25.0,30.0,29.4567856323
1044,25.0,25.0,25.0,30.0,29.468571476
1045,25.0,25.0,25.0,30.0,29.6673960661
1046,25.0,25.0,25.0,30.0,29.9849522378
1047,25.0,25.0,25.0,30.0,29.3533747556
1048,25.0,25.0,25.0,30.0,29.5758929369
1049,25.0,25.0,25.0,30.0,29.3022190372
1050,25.0,25.0,25.0,30.0,29.3377899565
1051,25.0,25.0,25.0,25.0,29.1776206918
1052,25.0,25.0,25.0,25.0,28.7989065121
1053,25.0,25.0,25.0,30.0,28.5559662098
1054,25.0,25.0,25.0,30.0,28.6515330278
1055,25.0,25.0,25.0,30.0,28.7083518405
1056,25.0,30.0,30.0,30.0,27.6940701479
1057,25.0,30.0,30.0,30.0,27.5343732646
1058,25.0,20.0,20.0,30.0,28.0422644093
1059,25.0,20.0,20.0,20.0,26.486034587
1060,25.0,20.0,20.0,20.0,25.3308338166
1061,25.0,20.0,20.0,20.0,24.7813404885
1062,25.0,20.0,20.0,20.0,23.0182590031
1063,25.0,20.0,20.0,20.0,22.9238632662
1064,25.0,20.0,20.0,20.0,23.600973221
1065,25.0,20.0,20.0,20.0,24.1299751096
1066,25.0,25.0,25.0,20.0,24.3508553301
1067,25.0,30.0,30.0,20.0,25.0940250789
1068,25.0,30.0,30.0,20.0,26.4938221798
1069,25.0,30.0,30.0,30.0,26.5782658424
1070,25.0,30.0,30.0,30.0,26.6744406375
1071,25.0,25.0,25.0,30.0,26.9915088928
1072,25.0,25.0,25.0,30.0,26.9190726195
1073,25.0,25.0,25.0,30.0,27.534813924
1074,25.0,25.0,25.0,30.0,27.9156649673
1075,25.0,25.0,25.0,30.0,28.2850566182
1076,25.0,25.0,25.0,30.0,28.2388667916
1077,25.0,25.0,25.0,30.0,27.9474247073
1078,25.0,25.0,25.0,30.0,27.6284913436
1079,25.0,25.0,25.0,20.0,27.6078296052
1080,25.0,25.0,25.0,20.0,26.8670754065
1081,25.0,25.0,25.0,20.0,26.7335584461
1082,25.0,25.0,25.0,20.0,26.6049687799
1083,25.0,25.0,25.0,20.0,26.7222171204
1084,25.0,25.0,25.0,20.0,25.6623703259
1085,25.0,30.0,30.0,20.0,25.6011624858
1086,25.0,20.0,20.0,20.0,26.4102143422
1087,25.0,25.0,25.0,20.0,25.9122800215
1088,25.0,25.0,25.0,20.0,25.853332891
1089,25.0,25.0,25.0,20.0,25.9261648766
1090,25.0,25.0,25.0,20.0,24.5708464663
1091,25.0,25.0,25.0,20.0,24.9752835319
1092,25.0,25.0,25.0,20.0,26.2987802584
1093,25.0,25.0,25.0,20.0,26.5317266962
1094,25.0,25.0,25.0,20.0,26.4046497587
1095,25.0,25.0,25.0,30.0,26.5406730896
1096,25.0,25.0,25.0,30.0,26.7365407668
1097,25.0,25.0,25.0,30.0,26.2382904955
1098,25.0,25.0,25.0,30.0,26.8638102153
1099,25.0,25.0,25.0,30.0,26.7748722902
1100,25.0,25.0,25.0,30.0,26.9434716531
1101,25.0,25.0,25.0,30.0,27.8105005093
1102,25.0,25.0,25.0,30.0,28.2294291797
1103,25.0,25.0,25.0,30.0,28.3682763541
1104,25.0,25.0,25.0,30.0,28.3337486543
1105,25.0,25.0,25.0,30.0,27.8118424187
1106,25.0,25.0,25.0,30.0,27.9415189768
1107,25.0,25.0,25.0,30.0,27.7273595728
1108,25.0,25.0,25.0,30.0,27.2974419458
1109,25.0,25.0,25.0,30.0,27.4364966373
1110,25.0,25.0,25.0,30.0,27.8995002062
1111,25.0,25.0,25.0,30.0,28.0219025511
1112,25.0,25.0,25.0,30.0,28.2705236241
1113,25.0,25.0,25.0,30.0,27.910889463
1114,25.0,25.0,25.0,30.0,25.4714935558
1115,25.0,25.0,25.0,30.0,26.3386786817
1116,25.0,20.0,20.0,30.0,26.3931209262
1117,25.0,20.0,20.0,20.0,24.3721706177
1118,25.0,20.0,20.0,20.0,23.1510055039
1119,25.0,20.0,20.0,25.0,22.6676072054
1120,25.0,15.0,15.0,20.0,19.6503955965
1121,25.0,15.0,15.0,20.0,19.9081496823
1122,25.0,20.0,20.0,20.0,20.2200356825
1123,25.0,20.0,20.0,20.0,20.5298477925
1124,25.0,20.0,20.0,20.0,21.8310698607
1125,25.0,20.0,20.0,20.0,21.9126760895
1126,25.0,20.0,20.0,20.0,22.9838579412
1127,25.0,20.0,20.0,20.0,22.8565244115
1128,25.0,20.0,20.0,20.0,22.3638346954
1129,25.0,20.0,20.0,20.0,22.7183251891
1130,25.0,20.0,20.0,20.0,22.8583886574
1131,25.0,20.0,20.0,20.0,23.5187878632
1132,30.0,20.0,20.0,25.0,25.4902340011
1133,30.0,20.0,20.0,25.0,25.567507401
1134,30.0,20.0,20.0,25.0,25.8305371811
1135,30.0,20.0,20.0,20.0,23.6309428942
1136,30.0,25.0,25.0,20.0,23.4192119683
1137,30.0,25.0,25.0,20.0,23.8273318162
1138,30.0,25.0,25.0,20.0,25.1020846365
1139,30.0,25.0,25.0,30.0,25.7761074998
1140,30.0,25.0,25.0,30.0,26.9495246242
1141,30.0,25.0,25.0,30.0,27.9171587877
1142,30.0,25.0,25.0,30.0,29.250462929
1143,30.0,25.0,25.0,30.0,28.6681288992
1144,30.0,25.0,25.0,30.0,27.7277032551
1145,30.0,25.0,25.0,30.0,28.4773841541
1146,30.0,25.0,25.0,25.0,29.4378167614
1147,30.0,25.0,25.0,25.0,27.6367226461
1148,30.0,25.0,25.0,25.0,28.1850670998
1149,30.0,25.0,25.0,25.0,26.5685169666
1150,30.0,25.0,25.0,25.0,25.8554438374
1151,30.0,25.0,25.0,25.0,26.2099221922
1152,30.0,25.0,25.0,25.0,25.8499386182
1153,30.0,25.0,25.0,25.0,25.5678145069
1154,30.0,25.0,25.0,25.0,25.224302448
1155,30.0,25.0,25.0,25.0,24.4102586377
1156,30.0,25.0,25.0,25.0,25.1022641255
1157,30.0,25.0,25.0,25.0,23.7721348315
1158,30.0,25.0,25.0,25.0,23.7517057532
1159,30.0,20.0,20.0,25.0,25.2604121129
1160,30.0,20.0,20.0,25.0,23.7877784301
1161,30.0,20.0,20.0,25.0,24.0499794021
1162,30.0,20.0,20.0,25.0,21.763805827
1163,30.0,20.0,20.0,20.0,20.7370092826
1164,30.0,20.0,20.0,25.0,20.8243134484
1165,30.0,20.0,20.0,25.0,19.5771685706
1166,30.0,20.0,20.0,20.0,22.1837039939
1167,30.0,25.0,25.0,20.0,22.3416746989
1168,30.0,25.0,25.0,20.0,23.5087201504
1169,30.0,25.0,25.0,20.0,25.9406938284
1170,30.0,25.0,25.0,20.0,25.9369470561
1171,30.0,25.0,25.0,20.0,25.2134867205
1172,30.0,25.0,25.0,20.0,25.8492911089
1173,30.0,25.0,25.0,20.0,25.2444574927
1174,30.0,25.0,25.0,25.0,25.4078349518
1175,30.0,25.0,25.0,20.0,25.3225570656
1176,30.0,25.0,25.0,20.0,23.8665840873
1177,30.0,25.0,25.0,25.0,24.1726189954
1178,30.0,25.0,25.0,25.0,24.7058737063
1179,30.0,25.0,25.0,25.0,24.0582975168
1180,30.0,25.0,25.0,25.0,23.6113650831
1181,30.0,25.0,25.0,25.0,23.6083628785
1182,30.0,25.0,25.0,25.0,22.5761705817
1183,30.0,25.0,25.0,25.0,22.2070215914
1184,30.0,25.0,25.0,25.0,23.4737568603
1185,30.0,25.0,25.0,25.0,25.446813834
1186,30.0,25.0,25.0,25.0,25.5265585241
1187,30.0,25.0,25.0,20.0,23.7204502405
1188,30.0,25.0,25.0,20.0,24.058480674
1189,30.0,20.0,20.0,20.0,24.9399668531
1190,30.0,20.0,20.0,20.0,23.1133377157
1191,30.0,20.0,20.0,20.0,23.0901182499
1192,30.0,20.0,20.0,20.0,23.0317112982
1193,30.0,20.0,20.0,20.0,21.1567167522
1194,30.0,20.0,20.0,20.0,20.8204067831
1195,30.0,25.0,25.0,20.0,21.2202543264
1196,30.0,25.0,25.0,20.0,21.3785428991
1197,30.0,25.0,25.0,20.0,21.6044412502
1198,30.0,25.0,25.0,20.0,22.2778639124
1199,30.0,25.0,25.0,20.0,22.4154128852
1200,30.0,25.0,25.0,20.0,22.7743511822
1201,30.0,25.0,25.0,20.0,22.5317184194
1202,30.0,25.0,25.0,20.0,22.9161021202
1203,30.0,25.0,25.0,20.0,22.7176451945
1204,30.0,25.0,25.0,20.0,22.979351457
1205,30.0,25.0,25.0,20.0,22.9756506828
1206,30.0,25.0,25.0,20.0,23.050908462
1207,30.0,25.0,25.0,20.0,23.1362517801
1208,30.0,25.0,25.0,20.0,23.0387244247
1209,30.0,25.0,25.0,20.0,23.0152002788
1210,30.0,25.0,25.0,20.0,23.3323703545
1211,30.0,25.0,25.0,20.0,22.9970869932
1212,30.0,25.0,25.0,20.0,23.0804432406
1213,30.0,25.0,25.0,25.0,23.8217552591
1214,30.0,25.0,25.0,25.0,23.9468900775
1215,30.0,25.0,25.0,20.0,24.2339869308
1216,30.0,25.0,25.0,20.0,24.6622307352
1217,30.0,25.0,25.0,20.0,24.3765209795
1218,30.0,25.0,25.0,25.0,24.7952849164
1219,30.0,25.0,25.0,25.0,24.135816934
1220,30.0,25.0,25.0,25.0,23.9193238058
1221,30.0,25.0,25.0,25.0,25.1804351377
1222,30.0,25.0,25.0,25.0,25.2030205392
